Joueur,Equipe,MJ,Min,Pts,Reb,As,Ro,Rd,2P%,3P%,TIRS%,LF%,TS%,St,Bl,To,Fo,Plus_Minus,Eval
Davi Davis,Rouen U21,1,36.0,33.0,10.0,2.0,2.0,8.0,60.0,38.5,47.8,75.0,62.2,1.0,1.0,3.0,4.0,1.0,30.0
Enzo Oudart,Aix-Maurienne U21,22,33.7,25.0,6.4,3.9,1.6,4.8,63.4,33.0,48.6,72.6,61.2,2.9,0.6,3.6,2.3,8.7,24.3
Davi Quemeth Davis,Rouen U21,20,30.6,20.2,9.4,1.2,3.0,6.4,54.1,35.4,45.7,73.8,58.5,1.4,1.1,1.3,2.0,5.1,22.4
Andréa Samat,Stade Rochelais U21,19,29.5,24.9,5.2,3.9,1.5,3.7,56.1,24.3,40.7,82.7,54.3,2.5,0.3,2.5,1.9,6.1,21.5
Jean Vergez Pascal,Poitiers U21,18,28.9,15.4,6.5,4.5,0.9,5.6,61.5,25.0,50.8,77.5,60.2,3.2,0.3,3.9,2.7,1.4,19.7
Nikolas Farkas,Nantes U21,22,29.6,13.9,12.0,2.1,4.0,8.0,54.1,24.3,49.4,58.6,54.1,1.1,0.4,2.3,2.3,8.1,19.7
Noah Limol,Quimper U21,17,28.2,16.8,7.4,1.4,3.3,4.1,64.9,18.8,61.1,62.5,63.3,2.2,1.4,4.1,3.1,3.0,18.8
Karl Kouame Zeze,Caen U21,11,28.8,20.8,4.0,3.4,0.5,3.5,60.9,36.8,50.6,80.8,62.6,1.3,0.2,2.9,1.4,1.3,18.6
Tayris Diabate,Aix-Maurienne U21,20,31.8,17.2,6.8,3.0,3.0,3.8,56.0,26.3,44.9,70.5,54.5,1.9,0.6,2.6,2.2,7.7,18.0
Anthony Bria,Roanne U21,12,29.4,15.7,5.8,4.1,1.8,4.0,57.7,30.5,47.4,75.9,55.7,3.1,0.4,3.7,2.7,8.8,18.0
Leo Harouard,Saint-Chamond U21,21,25.0,13.6,8.4,2.0,3.1,5.3,58.1,39.1,55.6,74.3,63.6,1.3,0.6,2.9,2.7,4.8,17.9
Teddy Riskwait,Pau-Lacq-Orthez U21,9,26.3,11.8,10.1,1.6,2.6,7.6,68.9,24.3,48.8,65.4,56.7,1.3,0.6,1.8,1.4,3.7,17.9
Ludjian Monrazel,Roanne U21,20,32.4,15.2,6.2,1.5,1.4,4.8,55.0,29.0,45.8,83.3,53.8,1.2,2.6,2.0,2.4,2.2,17.3
Yannis Allard,Stade Rochelais U21,7,29.4,15.0,7.7,2.0,1.1,6.6,71.9,21.1,39.3,79.3,51.6,1.6,0.3,1.4,1.7,4.1,16.6
Proponi Louis Coulibaly,Hyères-Toulon U21,21,21.6,10.6,7.4,1.1,3.4,4.0,68.4,-,68.4,45.7,65.0,0.6,3.0,2.0,2.8,2.5,16.6
Sam Danfa,Quimper U21,22,27.3,12.7,7.1,2.4,1.5,5.6,63.0,32.2,53.6,69.3,61.5,1.9,0.1,2.5,3.0,3.6,16.5
Harold Tchoua,AS Alsace U21,17,23.8,10.6,8.3,1.8,3.1,5.2,62.1,-,62.1,56.2,62.4,0.9,0.1,2.0,2.0,3.8,15.8
Tanguy Peyre,Antibes U21,11,29.6,16.9,6.0,1.7,2.5,3.5,60.0,28.6,49.7,55.8,55.4,0.9,0.1,1.5,2.4,0.5,15.5
Sacha Defoundoux,Blois U21,12,24.8,19.6,4.8,1.6,1.3,3.5,49.6,35.7,44.3,76.2,55.8,1.3,0.8,3.0,2.7,7.9,15.3
Mathis Pic,Saint-Chamond U21,21,24.5,14.7,4.2,5.2,0.7,3.6,56.0,24.6,48.8,68.9,54.7,2.4,0.1,4.4,2.7,5.3,15.1
Raphael Boum,Nantes U21,2,22.0,17.0,5.0,2.5,2.5,2.5,50.0,36.4,44.4,85.7,56.5,2.0,0.0,3.5,3.0,-1.0,15.0
Noah Ghazi Vargas,Saint-Chamond U21,16,26.2,13.1,4.5,4.9,1.0,3.5,53.3,36.1,45.7,77.8,57.5,1.2,0.1,2.8,2.8,5.2,14.9
Mathys Pomar,Challans U21,19,28.6,15.2,5.0,3.1,1.4,3.6,54.3,33.1,42.7,71.0,55.1,2.1,0.0,2.5,2.2,-9.4,14.8
Baptiste Blanc,Aix-Maurienne U21,18,24.8,10.7,5.9,2.9,2.1,3.9,60.0,33.3,50.4,70.0,60.2,1.0,0.4,1.6,2.6,7.3,14.7
Lucas Feger,AS Alsace U21,17,25.2,14.3,4.2,2.6,1.1,3.1,62.3,32.4,45.1,77.6,58.5,2.1,0.1,2.2,2.7,7.6,14.4
Hocine Keita,Rouen U21,23,23.3,11.7,7.2,2.1,2.5,4.7,49.7,25.8,43.7,46.5,47.7,2.3,0.4,1.5,2.6,4.1,14.3
Maxence Millet,Orléans U21,19,25.8,14.1,4.3,4.7,0.8,3.4,45.6,22.2,36.6,80.0,53.6,1.8,0.1,3.2,2.9,0.3,14.0
Adrien Niedergang-Ribolzi,Stade Rochelais U21,1,28.0,10.0,7.0,1.0,3.0,4.0,50.0,66.7,57.1,-,71.4,0.0,0.0,1.0,2.0,-14.0,14.0
Pharel Koita,Aix-Maurienne U21,22,25.8,12.1,6.7,2.4,2.2,4.5,57.5,15.9,49.1,48.4,51.4,2.0,0.8,3.0,2.6,6.4,13.7
Leny Kangudia,Nantes U21,22,25.1,14.0,3.6,3.3,0.6,3.0,54.7,29.8,45.7,76.1,56.3,1.5,0.1,2.4,1.9,4.6,13.5
Theo Audry,Hyères-Toulon U21,19,25.2,9.4,4.7,4.6,0.5,4.2,53.4,44.2,50.4,77.1,60.8,1.1,0.1,2.5,2.3,5.2,13.5
Mehdy Chiheb,Stade Rochelais U21,22,28.7,8.8,5.3,5.0,2.0,3.3,58.4,25.9,47.1,41.8,50.9,2.3,0.0,2.1,3.0,0.7,13.4
Baba Coulibaly,Poitiers U21,19,30.5,14.8,5.5,1.8,1.8,3.6,56.8,27.4,46.7,70.8,55.9,0.7,0.1,2.3,1.7,-2.5,13.3
Lenny Nahounou,Antibes U21,15,26.1,12.1,6.5,1.6,1.4,5.1,59.8,0.0,58.3,48.5,57.4,1.2,0.7,2.5,2.3,3.7,13.0
Tiago Dhalleine Alves,Denain U21,23,25.3,11.2,6.8,1.5,2.0,4.8,53.4,33.8,46.9,69.9,56.3,1.3,0.5,3.0,2.4,0.1,12.9
Alioune Badara Diallo,JA Vichy U21,22,23.1,11.2,8.9,0.6,2.8,6.1,52.3,0.0,50.7,54.5,52.4,0.5,0.7,3.0,3.7,-1.5,12.8
Demao Diehi,Blois U21,22,23.4,10.4,6.7,1.3,2.5,4.3,65.9,20.8,53.2,63.8,58.3,1.1,0.1,2.2,2.9,9.1,12.8
Emeric Yomi,Roanne U21,20,21.3,8.8,7.5,0.6,3.0,4.6,53.8,0.0,53.3,67.1,58.2,1.0,1.0,2.1,3.0,0.6,12.8
Yohan Bassoumba,Caen U21,20,26.4,13.6,6.3,2.0,2.2,4.1,56.0,26.2,47.9,53.1,52.2,1.0,0.3,3.2,2.8,-0.7,12.5
Luc Francot,Blois U21,22,29.1,12.0,4.1,3.5,1.4,2.7,44.5,36.1,40.9,64.7,51.6,1.8,0.0,1.8,1.7,9.0,12.5
Jaime Diaz-Bounoqta,Antibes U21,21,30.7,12.2,3.7,4.3,0.9,2.8,49.0,29.7,39.5,70.3,52.2,2.7,0.3,3.6,2.5,3.7,12.4
Maxime Carrio,Nantes U21,21,26.8,16.4,3.2,4.0,0.7,2.5,43.5,35.3,39.5,73.0,50.9,1.0,0.1,2.7,1.8,10.1,12.3
Joiesaint Yabusele,Orléans U21,21,28.9,13.3,6.0,1.5,1.8,4.2,58.3,25.2,42.9,56.5,50.5,2.0,0.3,2.6,2.0,-0.5,12.3
Ylian Jean-Louis,Saint-Chamond U21,22,28.6,12.1,4.0,4.7,0.6,3.4,46.2,32.2,37.2,76.4,52.4,2.1,0.1,3.6,2.3,5.2,12.3
Zigmas Kersis,Denain U21,14,24.3,13.5,5.3,3.6,1.3,4.0,51.6,33.7,41.5,75.0,55.6,0.7,0.1,3.9,1.9,1.6,12.2
Alban Lambinet,Champagne Basket U21,20,24.4,12.0,4.9,1.4,1.8,3.1,66.4,29.3,50.5,47.9,56.5,1.0,0.0,1.2,2.5,-3.6,12.2
Julien Doumbia,Poitiers U21,16,19.6,11.1,5.4,1.1,1.8,3.7,58.6,42.9,57.7,66.7,61.4,0.9,0.2,2.2,2.6,0.8,12.2
Zadig N'Gaido,AS Alsace U21,19,24.2,14.1,2.5,4.1,1.0,1.5,50.4,30.0,43.3,73.0,54.7,2.2,0.0,3.4,2.0,0.3,12.1
Aaron Cozzani,Evreux U21,20,26.6,15.6,3.0,3.2,0.7,2.2,40.4,37.5,38.7,71.8,53.6,1.6,0.0,2.5,2.4,-3.7,12.0
Louis Macziejewski,Denain U21,1,26.0,15.0,3.0,0.0,1.0,2.0,50.0,60.0,54.5,-,68.2,2.0,0.0,3.0,3.0,-3.0,12.0
Félix Hamel-Laneelle,Champagne Basket U21,14,24.3,12.1,3.9,1.5,1.3,2.6,66.7,27.8,55.0,66.7,61.4,1.4,0.4,2.5,1.1,-5.7,12.0
Paul Nnanga Ahanda,Antibes U21,15,23.7,10.8,5.3,1.7,2.9,2.5,61.1,10.8,46.5,72.7,53.6,1.8,0.3,2.4,2.0,6.3,11.9
Alain Nkombe,Quimper U21,22,27.2,14.4,3.2,3.9,0.7,2.5,48.4,26.3,37.0,74.6,50.3,2.0,0.0,2.8,2.4,3.9,11.8
Kylan Castaings-Otto,JA Vichy U21,21,32.3,13.4,6.9,2.5,2.1,4.7,42.0,32.0,38.1,62.4,47.7,1.2,0.7,3.8,2.0,0.9,11.8
Elliot Valcy,Champagne Basket U21,18,30.7,18.4,2.9,2.7,1.4,1.5,44.2,32.3,38.9,72.5,51.1,1.9,0.1,3.3,1.6,-7.2,11.7
Noah Marchand,Roanne U21,21,26.7,13.2,5.2,1.7,1.5,3.7,55.0,25.3,42.1,68.2,51.9,1.4,0.4,2.5,2.2,1.5,11.7
Abdoulaye Diarra,Orléans U21,7,23.1,12.1,5.7,1.0,2.6,3.1,59.6,38.9,53.8,40.0,57.6,1.0,0.1,2.3,2.0,5.1,11.7
Antoine Binam,Orléans U21,21,21.3,10.3,3.4,5.3,1.1,2.2,46.6,24.6,39.4,66.7,49.7,2.2,0.0,3.0,1.9,3.0,11.6
Kalvyn Ravin,Pau-Lacq-Orthez U21,22,30.0,13.2,2.7,4.8,0.7,2.0,46.4,26.0,40.6,74.4,49.5,1.3,0.1,2.7,1.2,-1.0,11.5
Morgan Selebangue,Blois U21,22,24.5,11.4,2.5,5.4,1.3,1.2,43.4,26.3,41.8,63.2,49.7,2.1,0.1,2.8,3.5,8.5,11.4
Elidjah-Gabriel Lamart,Denain U21,11,24.1,7.4,4.0,4.4,1.3,2.7,38.9,29.6,34.9,76.3,50.8,2.5,0.2,2.6,1.6,-0.9,11.3
Luka Salaneuve,JA Vichy U21,21,28.9,11.2,3.9,4.3,0.5,3.4,47.1,26.4,36.3,76.5,48.6,1.8,0.0,2.8,2.1,-4.0,11.2
Kenan Suares,Stade Rochelais U21,17,25.1,10.1,6.4,0.9,1.9,4.5,57.9,7.7,52.5,62.5,56.7,0.5,0.6,2.5,2.6,-1.5,11.2
Bryan Chretien,Saint-Chamond U21,23,21.1,9.1,5.5,0.3,1.9,3.6,57.0,20.0,55.8,70.3,59.9,0.9,1.0,2.0,3.4,2.3,11.1
Kais Bodjerenou,Antibes U21,20,28.6,14.0,1.8,5.0,0.5,1.4,42.4,31.8,37.8,70.7,49.3,2.2,0.0,3.2,1.5,3.6,11.0
Malcom Ndiaye,Saint-Chamond U21,8,21.2,12.9,4.1,1.0,1.8,2.4,59.6,21.2,43.8,81.2,54.7,1.1,0.5,2.2,1.5,2.1,11.0
Enzo Zackari Drai-Kayouloud,Evreux U21,22,20.9,11.1,4.5,1.5,2.0,2.5,59.3,29.7,53.3,61.9,58.2,0.9,0.0,2.0,1.7,-1.3,11.0
Yves Castanier,Poitiers U21,8,18.1,10.5,2.2,2.4,1.1,1.1,71.4,20.0,66.7,61.1,67.8,0.6,0.5,2.1,2.0,-5.4,11.0
Jah Caille-Allah-Rabaye,Denain U21,20,23.4,13.5,3.6,1.6,1.4,2.3,60.7,37.2,50.2,56.1,58.9,0.8,0.2,2.6,2.0,-0.6,10.9
Nael El Moussaoui,Denain U21,21,29.2,12.4,4.0,1.7,1.2,2.9,71.2,28.3,40.2,64.5,51.7,1.4,0.4,1.8,3.2,-2.3,10.9
Yohan Renou,Quimper U21,22,29.3,10.5,3.8,3.2,1.5,2.3,47.5,27.1,35.7,75.9,45.7,3.3,0.0,2.5,2.2,1.0,10.9
Alex Serreau,Aix-Maurienne U21,11,21.5,8.5,2.4,4.2,0.4,2.0,66.7,22.5,41.4,76.5,54.7,1.5,0.1,1.3,2.1,9.0,10.9
Matteo Kiefer,AS Alsace U21,20,29.2,12.0,4.1,2.6,1.2,2.9,51.4,33.3,39.8,77.4,54.5,1.0,0.0,2.4,2.4,0.7,10.8
Robinson Kappler,AS Alsace U21,18,19.5,10.6,2.3,2.4,0.7,1.6,53.4,31.8,46.9,84.8,57.1,1.7,0.1,1.6,2.3,0.6,10.7
Armstrong Ndouba Tahir,Nantes U21,22,26.7,10.3,7.5,1.5,3.5,4.0,47.1,40.0,46.2,38.7,47.9,0.8,0.6,2.7,3.2,5.5,10.6
Ameri Doucoure,Champagne Basket U21,19,20.4,6.1,7.0,0.9,3.1,3.9,52.3,0.0,48.4,71.4,53.0,0.9,0.3,1.5,1.9,-3.6,10.6
Nolann Mbaye,Stade Rochelais U21,22,26.3,14.6,3.5,4.1,0.9,2.7,47.8,27.1,39.1,63.7,49.0,0.9,0.1,3.1,2.0,-2.5,10.5
Titouan Laval,Aix-Maurienne U21,20,17.2,7.3,3.4,1.6,1.2,2.2,75.3,30.0,66.7,0.0,68.9,1.0,0.2,1.3,1.0,3.0,10.4
Noé Sungu,Denain U21,23,31.4,11.3,2.6,4.3,1.1,1.5,58.6,29.2,44.2,73.1,54.4,1.5,0.0,3.7,1.6,-0.7,10.3
Emerson Galbrun,JA Vichy U21,22,26.6,10.9,3.2,2.5,1.0,2.2,59.0,32.4,48.0,74.1,58.4,0.6,0.3,2.4,2.5,-0.8,10.3
Ylan Lanza,Antibes U21,11,20.2,10.5,4.1,0.7,1.0,3.1,56.0,43.3,51.2,65.6,61.6,1.2,0.1,1.8,1.7,0.9,10.3
Joel Kamta,Orléans U21,18,23.3,9.6,5.2,0.8,2.2,3.1,64.0,9.1,59.0,61.4,60.8,1.3,0.2,3.2,2.6,-2.7,10.2
Amine Harbaoui,Hyères-Toulon U21,21,23.8,10.1,6.1,1.4,1.4,4.7,49.6,29.7,42.9,65.9,50.4,0.5,0.0,2.2,1.8,-1.0,10.1
Heyrold Nathan Assira Engoute,Pau-Lacq-Orthez U21,20,22.4,9.7,6.1,0.6,2.3,3.8,53.4,18.2,43.8,68.7,51.2,1.0,0.2,2.1,2.7,0.2,10.0
Yann Junior Fotso Kuatse,Rouen U21,7,17.6,11.3,6.7,0.3,3.9,2.9,50.7,14.3,47.4,33.3,47.1,1.0,0.3,2.3,2.9,7.4,9.9
Abdou Aziz Ndiaye,Denain U21,19,19.4,8.2,7.3,0.8,2.8,4.5,60.2,0.0,58.6,34.5,55.3,0.5,0.0,2.5,1.9,-1.5,9.9
Mohamed Cissoko,Blois U21,17,18.0,4.9,7.1,0.7,2.8,4.3,62.1,-,62.1,41.4,59.4,0.5,0.5,1.5,2.6,5.5,9.9
Clovane Bikindou,Evreux U21,21,20.0,5.0,8.1,0.9,2.7,5.5,48.1,33.3,46.6,41.2,48.0,0.5,0.6,1.8,2.3,-3.0,9.8
Noah Diatta,Saint-Chamond U21,21,24.4,10.6,5.3,1.5,1.6,3.8,57.7,27.8,43.3,54.7,51.6,0.8,0.1,2.3,2.7,1.0,9.6
Timothée Dubois,Roanne U21,21,26.6,9.8,2.6,5.4,0.3,2.2,45.7,22.2,35.5,64.5,47.8,1.7,0.1,3.0,2.2,0.5,9.6
Amadou Bah,Evreux U21,21,16.6,8.1,4.8,0.9,1.8,3.0,54.5,16.7,48.3,64.9,52.1,0.4,0.5,0.9,3.3,-0.6,9.6
Tony Khodri-Acloque,Hyères-Toulon U21,21,16.4,7.6,5.5,0.7,2.1,3.3,53.7,4.3,45.9,73.5,49.7,0.8,0.1,0.9,1.6,6.4,9.6
Lindsey Vebobe,Antibes U21,19,24.4,7.9,3.6,0.9,1.2,2.5,53.4,36.4,50.4,47.1,53.6,1.9,0.5,1.1,2.5,1.2,9.5
Dimitri Leo,Poitiers U21,21,18.0,7.7,5.8,0.4,2.0,3.7,49.6,0.0,48.8,65.2,53.7,0.5,0.7,1.4,2.7,-1.0,9.5
Raphael Godefroy,Caen U21,22,27.7,12.9,3.9,3.1,1.5,2.3,48.4,21.3,42.4,53.7,46.3,1.2,0.2,3.2,2.3,-1.5,9.4
Thomas Andrieux,Nantes U21,13,22.9,8.2,3.8,1.5,1.2,2.6,59.5,29.8,43.8,83.3,55.2,0.7,0.2,1.5,1.5,4.8,9.0
Elijah Baviere,Rouen U21,23,25.3,10.3,2.6,2.4,0.8,1.8,47.7,26.9,41.2,74.5,49.3,2.2,0.0,2.5,3.5,3.5,8.9
Francis Tchapi Kamga,AS Alsace U21,22,17.0,4.7,5.5,1.0,2.3,3.1,54.8,0.0,53.3,59.0,55.9,0.8,0.3,1.0,2.2,2.3,8.9
Alejandro Abraham-Zuzuleta,Rouen U21,20,25.4,11.4,4.8,1.7,1.8,3.0,37.1,28.3,33.0,68.2,43.8,1.8,0.1,2.2,2.4,-0.0,8.8
Evane Ortiz-Wintenberger,Hyères-Toulon U21,15,21.1,10.9,3.3,3.1,0.3,2.9,40.0,28.9,33.8,78.4,48.1,1.9,0.1,3.3,2.6,2.9,8.8
Hugo Colette,Hyères-Toulon U21,21,23.9,10.6,3.3,1.6,1.5,1.8,60.5,27.6,40.5,57.1,49.3,0.9,0.1,1.2,1.7,3.4,8.8
Mathis Jagou,Blois U21,22,16.0,8.5,1.5,1.1,0.5,1.0,66.7,44.3,53.1,81.2,67.9,1.0,0.2,0.5,2.3,4.0,8.8
Kemil Berbar,Aix-Maurienne U21,12,21.5,8.3,3.1,4.6,0.5,2.6,42.9,30.8,38.2,62.5,45.9,1.7,0.0,3.1,1.6,5.2,8.8
Alyx Labinsky,Poitiers U21,21,24.0,11.0,2.2,4.0,0.6,1.6,45.7,29.9,38.1,71.4,48.0,1.2,0.1,2.6,2.1,0.1,8.7
Steve Bah,Aix-Maurienne U21,5,19.4,12.4,3.2,3.4,1.4,1.8,29.2,34.4,32.1,83.3,48.5,0.6,0.0,2.8,2.2,4.0,8.6
Bruno Mbimi Ndjamou,Evreux U21,12,25.2,11.8,2.8,3.3,0.8,2.0,40.5,27.0,34.5,70.3,44.5,2.6,0.0,3.2,1.2,0.2,8.6
Axel Maynier,Poitiers U21,21,23.7,10.6,2.5,1.3,1.2,1.3,62.5,23.8,41.8,78.8,52.6,1.1,0.4,1.6,3.1,0.9,8.6
Elie Ntowoa Ndenga,Poitiers U21,21,22.9,5.9,6.3,2.1,2.4,3.9,38.7,5.7,30.5,63.2,37.3,1.6,0.1,1.8,3.0,-0.9,8.6
Earvin Lenoir,Rouen U21,19,19.9,8.4,4.5,0.6,1.4,3.2,53.0,29.5,43.1,58.6,50.7,0.9,0.2,1.3,1.3,-3.5,8.4
Noah Sangaré,Blois U21,19,17.7,9.3,3.9,0.7,1.3,2.7,62.0,23.9,50.0,59.4,55.0,0.7,0.4,2.2,2.9,6.3,8.3
Axel Laine,Champagne Basket U21,13,29.5,13.1,3.3,4.1,0.7,2.6,45.6,23.1,34.4,66.7,45.7,1.3,0.1,4.1,2.2,-7.8,8.2
Nohlann Lama,Blois U21,22,16.5,7.5,4.5,0.1,2.4,2.1,59.5,-,59.5,56.4,60.1,0.5,0.1,1.5,3.0,3.6,8.2
Diego Minucci,Blois U21,21,17.7,7.0,2.2,5.8,0.8,1.4,49.5,6.7,38.8,54.3,45.2,1.4,0.0,2.7,2.6,3.8,8.2
Mamadou Mbodj,Hyères-Toulon U21,17,21.2,4.4,5.5,0.7,2.9,2.6,57.4,-,57.4,50.0,57.3,0.5,0.1,0.9,1.5,-1.8,8.2
Kurtys Bithe-Maya,Challans U21,21,24.0,13.2,3.1,2.8,1.1,2.0,41.3,28.0,34.6,75.0,44.8,1.7,0.0,3.2,1.0,-7.2,8.0
Ilhan Yer,Quimper U21,1,23.0,11.0,4.0,4.0,2.0,2.0,25.0,50.0,40.0,-,55.0,0.0,1.0,6.0,2.0,-7.0,8.0
Adama Dembele,Champagne Basket U21,22,16.6,4.8,6.5,0.7,2.9,3.5,42.7,30.0,41.4,60.6,46.2,0.6,0.0,1.4,1.8,-3.7,8.0
Vincent Embinga,Hyères-Toulon U21,22,22.1,11.3,3.3,2.0,1.5,1.8,57.3,19.8,44.2,42.0,47.6,2.0,0.3,3.5,2.7,2.1,7.9
Quentin Le Carrer,Blois U21,15,15.4,6.5,2.9,1.5,0.7,2.1,61.5,31.0,48.5,88.5,61.7,0.5,0.1,1.1,1.6,4.9,7.9
Abdoulaye Ndiaye,Nantes U21,14,15.3,4.6,4.6,0.4,2.8,1.9,57.8,-,57.8,54.2,58.5,0.6,0.4,0.6,2.4,6.1,7.9
Romain Reeg,AS Alsace U21,20,25.0,7.7,3.4,1.6,1.0,2.4,46.9,27.8,40.0,59.4,46.9,1.4,0.4,1.5,2.6,-4.7,7.8
Serigne Saliou Mbacke,Quimper U21,20,22.3,6.2,5.6,1.0,1.4,4.2,51.6,14.8,43.3,39.5,45.0,0.6,1.4,2.5,2.0,-0.1,7.8
Sacha Belliard,Challans U21,21,22.3,9.7,2.7,0.9,1.3,1.3,51.3,29.0,43.4,60.7,51.1,1.4,0.0,1.2,2.6,-4.8,7.7
Nathan Diayandi,Challans U21,20,22.0,7.0,5.8,0.9,2.2,3.6,41.1,23.5,34.8,50.8,41.9,1.2,0.7,1.8,3.2,-6.1,7.7
Nathanael Criart-Joset,Quimper U21,11,17.1,5.9,5.1,0.9,2.4,2.7,46.3,0.0,43.1,62.5,47.4,1.2,0.5,2.1,2.9,4.8,7.7
Aniss Ouahaji,Challans U21,19,26.4,9.8,2.4,3.8,0.6,1.8,46.2,32.4,37.7,71.8,50.8,1.4,0.1,3.8,1.8,-10.6,7.6
Hititua Maihi,Quimper U21,2,17.5,6.0,2.0,2.0,0.5,1.5,83.3,-,83.3,100.0,87.2,0.0,0.0,2.0,2.5,-9.5,7.5
Beni Musafiri Hamadi Nkoy,JA Vichy U21,22,27.1,5.7,6.0,0.9,2.1,3.8,40.3,28.9,35.9,58.0,45.3,0.7,0.3,1.8,2.0,1.8,7.4
Sada Camara,Pau-Lacq-Orthez U21,22,18.2,7.7,3.8,0.6,1.5,2.2,53.6,26.5,44.5,60.5,51.2,0.8,0.1,1.3,1.5,-3.3,7.3
Augustin Houtteville-Peillon,JA Vichy U21,22,22.0,9.4,2.0,2.5,0.5,1.5,53.4,13.2,41.8,63.9,48.0,1.5,0.3,2.4,0.7,-0.7,7.2
Obed Mboa Tshilumba,Orléans U21,20,23.4,7.0,4.0,0.8,2.0,1.9,54.0,31.2,50.9,50.0,53.5,1.4,0.3,2.6,3.0,2.6,7.2
Loric Imbert,Pau-Lacq-Orthez U21,18,21.8,10.4,1.8,2.6,0.6,1.2,46.9,26.1,41.5,69.0,48.1,1.6,0.0,2.9,1.8,-1.4,7.1
Lhéo Abou Bacar,Antibes U21,18,18.1,5.1,3.8,0.6,1.3,2.6,51.0,26.5,41.2,60.0,48.5,1.6,0.3,1.0,2.6,4.7,7.1
Clement More,Pau-Lacq-Orthez U21,18,15.9,7.6,1.8,2.1,0.7,1.1,31.7,38.9,35.1,83.7,51.5,1.3,0.1,1.3,0.8,-1.0,7.0
Hector Mvumbi Wa Bamba,Stade Rochelais U21,22,22.2,7.6,2.5,0.9,0.7,1.8,52.4,37.3,45.6,60.0,54.4,0.8,0.1,0.9,3.3,0.9,7.0
Jules Grotzinger,AS Alsace U21,15,18.3,7.0,3.3,1.2,1.5,1.9,51.9,11.1,41.7,52.2,44.4,1.3,0.5,1.3,1.5,6.3,7.0
Oluwatobi Osibote,Evreux U21,22,21.0,6.6,3.1,2.8,1.0,2.1,46.4,17.3,37.0,81.0,42.6,1.9,0.0,2.6,1.5,-1.5,7.0
Ahmed Tidiane Diallo,Orléans U21,2,16.5,6.0,4.5,0.0,2.0,2.5,100.0,0.0,75.0,50.0,64.7,0.0,1.0,1.0,2.5,2.0,7.0
Louis-Dramane Sangare,Caen U21,22,22.0,5.7,4.3,1.4,1.5,2.7,50.0,30.8,47.4,50.0,51.1,0.7,0.2,1.5,2.2,-2.0,7.0
Thierno Adalla,Champagne Basket U21,2,9.5,4.0,3.0,1.0,0.5,2.5,100.0,50.0,60.0,-,80.0,0.5,0.0,0.5,1.5,8.0,7.0
Mathis Ngbondo-Simeau,Evreux U21,22,22.5,7.0,5.4,1.4,1.8,3.6,41.9,16.7,37.9,66.0,44.0,0.5,0.1,2.4,2.0,-3.0,6.9
Gaston Grollier,Roanne U21,14,20.6,6.6,2.3,2.0,0.7,1.6,59.3,29.6,39.5,85.7,52.8,0.9,0.1,1.3,1.4,-2.2,6.9
Cheikh Tandia,AS Alsace U21,21,23.3,5.5,2.4,3.6,0.6,1.8,52.1,20.0,39.8,68.4,45.9,1.3,0.1,2.3,2.0,1.7,6.9
Dan Boudine,Orléans U21,18,17.0,7.3,2.3,1.0,0.7,1.6,58.8,35.3,47.1,78.3,58.9,0.8,0.0,1.4,1.8,-2.9,6.8
Ismael Clabaut-Ouattara,Pau-Lacq-Orthez U21,20,18.8,6.6,3.7,0.6,1.2,2.6,45.6,30.4,38.1,87.9,51.8,0.8,0.0,1.3,2.0,-2.2,6.8
Yanis Daney de Marcillac-Lacroix,Pau-Lacq-Orthez U21,22,19.1,6.5,4.3,0.5,1.8,2.5,49.2,21.4,46.3,44.8,47.7,0.7,0.1,1.4,2.4,-5.7,6.7
Georly Okoko Nguiambo,Champagne Basket U21,22,16.0,4.1,3.6,1.3,0.8,2.8,53.7,25.5,37.5,50.0,45.2,1.0,0.7,1.1,1.2,-6.1,6.7
David Sabe-Goromo,Challans U21,22,19.4,6.2,4.8,1.0,1.3,3.5,46.9,23.3,36.9,55.9,43.9,1.1,0.2,1.9,2.6,-8.1,6.6
Lilian Rinaldo-Komlan,Hyères-Toulon U21,22,14.7,5.9,3.4,1.0,1.7,1.6,60.0,17.9,49.1,52.8,52.5,0.7,0.3,1.4,2.1,-0.8,6.6
Simon Perard,Roanne U21,19,22.7,5.7,2.4,2.5,0.9,1.5,49.3,23.3,41.4,76.9,49.3,1.1,0.1,1.7,1.5,-1.2,6.6
Isaac Ramphort,Antibes U21,6,18.3,6.0,1.5,3.7,0.3,1.2,55.6,0.0,44.1,75.0,48.0,0.8,0.2,2.2,2.3,5.8,6.5
Lilian Deturck,Poitiers U21,21,22.1,5.6,2.7,2.2,1.0,1.7,47.6,27.8,43.2,72.4,54.9,0.8,0.3,2.1,3.2,-0.6,6.5
Tidiann Dulas,Saint-Chamond U21,22,15.5,4.7,3.5,1.1,1.3,2.2,60.0,27.6,48.1,62.5,55.9,0.5,0.1,1.1,0.5,1.6,6.5
Ismael Diallo,Caen U21,20,21.8,9.7,4.3,0.6,1.4,2.8,51.8,19.6,41.8,58.2,48.6,0.8,0.0,2.6,2.4,-1.2,6.4
Noah Boutillien,Evreux U21,22,19.8,7.1,2.1,3.0,0.2,1.9,47.9,28.9,37.4,80.0,46.6,0.6,0.1,1.8,2.0,-4.5,6.4
Joakim Petit,Stade Rochelais U21,14,18.2,6.3,2.9,0.9,1.1,1.8,58.8,29.5,42.3,64.3,52.3,0.9,0.2,1.3,1.5,-2.2,6.4
Mattheo Mawandza,Quimper U21,13,19.4,5.6,2.1,1.3,0.8,1.3,55.1,40.0,52.5,70.0,57.6,1.0,0.2,1.4,1.1,-2.6,6.4
Gabriel-Ange Ahandza Ossene,Caen U21,3,18.3,7.3,4.0,0.0,2.0,2.0,38.9,-,38.9,66.7,47.3,1.0,0.0,1.3,2.7,-2.0,6.0
Saveliy Schukin,Antibes U21,17,15.4,5.2,3.5,0.7,1.5,2.0,58.2,0.0,53.3,61.0,57.0,0.8,0.1,1.8,2.4,3.5,6.0
Arthur Sorin,Challans U21,1,13.0,5.0,1.0,2.0,1.0,0.0,50.0,25.0,33.3,-,41.7,3.0,1.0,2.0,1.0,-5.0,6.0
Robin Jean-Baptiste Merat,Evreux U21,20,15.2,4.0,4.7,0.8,1.6,3.2,45.3,31.2,40.0,14.3,44.8,0.5,0.6,1.6,1.2,-3.7,6.0
Aboubacar Konaté,Aix-Maurienne U21,10,14.4,6.0,2.7,1.0,1.1,1.6,48.3,20.8,35.8,56.7,45.3,1.6,0.1,0.8,0.8,3.5,5.9
Armani Matthew Tsayem Kenne,Challans U21,22,18.5,6.9,3.9,1.1,1.6,2.2,61.7,11.1,49.1,53.1,52.9,0.9,0.0,2.8,2.6,-7.1,5.8
Noam Kimbembe-Croissant,Aix-Maurienne U21,5,12.4,5.4,1.6,1.2,0.6,1.0,72.7,12.5,47.4,72.7,56.6,1.2,0.6,1.6,1.8,4.4,5.8
Martin Moulin,Caen U21,15,15.1,4.1,2.5,1.9,0.5,2.0,42.1,32.0,38.1,50.0,45.4,1.5,0.0,1.3,0.9,-0.7,5.7
Melvin Bowao,Hyères-Toulon U21,22,21.7,7.1,3.5,3.2,1.2,2.3,38.8,21.7,30.5,74.1,38.6,1.4,0.0,3.2,2.4,-0.5,5.6
Malik Bisbrouck,Challans U21,20,16.7,3.8,4.2,0.8,1.8,2.5,49.3,0.0,46.7,38.5,46.5,0.4,0.0,1.3,2.7,-4.5,5.6
Abdourahmane Sene,JA Vichy U21,21,15.3,3.3,4.0,0.5,1.0,3.0,55.8,0.0,51.8,52.2,52.9,0.4,0.1,1.0,1.8,0.2,5.5
Noah Trebot-Vairac,Rouen U21,23,23.1,7.7,2.0,2.7,1.0,1.0,38.2,25.5,30.6,66.0,42.3,1.6,0.0,2.1,1.4,0.2,5.4
Israel Simeon,Pau-Lacq-Orthez U21,22,21.3,4.9,4.1,0.7,1.3,2.8,42.7,22.2,41.0,40.4,42.6,0.6,0.1,1.0,2.4,1.8,5.3
Jules Dunis,Saint-Chamond U21,22,18.8,5.3,2.7,1.4,0.8,1.9,30.8,30.7,30.7,85.7,46.3,0.5,0.2,1.1,2.2,4.0,5.2
Abdoulaye Sy,Pau-Lacq-Orthez U21,22,19.4,4.9,2.4,0.7,0.5,1.9,43.6,42.3,43.2,57.4,53.1,1.5,0.2,1.5,2.2,-1.9,5.2
Elyon Mosengo,Blois U21,13,14.8,4.8,2.1,0.9,0.6,1.5,45.8,28.6,41.9,53.8,46.5,1.0,0.6,1.1,1.2,1.8,5.2
Noah Boukhil-Benamani,Antibes U21,9,17.1,4.2,1.8,2.6,0.2,1.6,63.2,28.6,53.8,66.7,60.7,0.7,0.2,2.6,2.0,3.4,5.1
Younes Bengouta,Aix-Maurienne U21,3,11.7,6.3,2.0,1.0,0.0,2.0,58.3,50.0,57.1,50.0,60.3,0.3,0.0,2.0,0.7,5.0,5.0
Kéziah Sangare,Champagne Basket U21,15,15.5,5.8,1.7,3.2,0.5,1.3,44.6,23.1,37.8,50.0,44.1,1.1,0.2,2.5,2.6,0.3,4.9
Maxime Auclair,JA Vichy U21,11,8.5,3.4,2.5,0.2,1.2,1.3,51.9,-,51.9,81.8,58.1,0.3,0.4,0.4,1.5,-2.8,4.9
Leo-Paul Nivelet,Stade Rochelais U21,18,19.2,7.2,2.4,0.9,0.7,1.7,40.0,26.0,29.5,75.0,43.0,0.8,0.2,1.0,1.4,-1.9,4.8
Thomas Jacquet,Denain U21,19,13.4,5.3,1.9,1.9,0.8,1.1,59.6,25.0,47.2,50.0,52.1,1.1,0.1,2.5,2.3,-3.6,4.8
Sami Chabbi,Stade Rochelais U21,19,17.5,4.7,1.1,1.8,0.4,0.7,55.8,28.9,43.2,72.7,51.8,0.9,0.1,1.2,1.9,-5.5,4.8
Noa Widloecher,AS Alsace U21,10,12.0,4.6,2.4,0.3,1.7,0.7,44.7,50.0,45.0,64.3,49.8,0.6,0.1,0.5,1.7,2.7,4.8
Lucas Dvorak,Quimper U21,13,13.5,4.3,2.5,0.8,0.6,1.8,41.0,36.4,40.0,75.0,49.1,1.0,0.1,1.2,1.4,0.2,4.8
Raphael Tahet,Saint-Chamond U21,23,16.3,3.3,3.1,0.5,1.2,1.9,49.1,42.9,48.3,57.1,53.2,0.3,0.2,0.8,2.6,1.7,4.8
Malik Soumare,Nantes U21,22,16.5,2.6,3.7,0.3,1.7,2.0,48.1,-,48.1,41.2,47.9,0.5,0.3,1.1,1.5,0.6,4.7
Callum Davies,Pau-Lacq-Orthez U21,12,16.5,5.3,2.8,1.1,0.8,2.0,56.7,15.4,44.2,68.6,54.8,0.8,0.0,2.5,1.3,-3.4,4.6
Kyeverson Brom,AS Alsace U21,14,15.9,5.0,1.2,1.4,0.7,0.5,47.4,31.8,41.7,56.5,49.9,1.1,0.0,1.0,1.3,3.0,4.5
Andréa Mico,Blois U21,4,11.8,4.2,2.2,1.2,1.0,1.2,38.5,16.7,31.6,66.7,39.3,1.0,0.2,0.8,1.2,7.0,4.5
Evan Augros,Antibes U21,22,15.4,3.8,3.3,0.2,1.4,2.0,48.6,0.0,47.9,56.0,50.0,0.5,0.5,1.5,2.2,-0.9,4.5
Liam Diop,Nantes U21,17,16.9,3.8,2.6,1.0,0.6,2.1,55.6,13.3,45.0,47.1,47.4,1.2,0.2,1.8,2.5,0.9,4.5
Léonard Barone,Nantes U21,21,20.1,5.3,2.7,1.4,0.7,2.0,37.4,21.4,35.2,69.4,43.9,0.7,0.0,1.8,1.6,0.8,4.4
Noé Jeanne,Rouen U21,18,20.5,5.3,1.7,2.3,0.4,1.3,22.9,31.6,27.4,65.2,46.6,1.1,0.0,1.8,1.4,0.1,4.4
Evan Fouillen,Roanne U21,18,14.8,5.1,1.2,1.9,0.3,0.9,55.4,14.7,40.0,78.9,46.8,1.1,0.1,1.8,1.9,3.2,4.4
Nathan Letresor,Evreux U21,21,13.3,4.5,1.9,0.5,0.6,1.3,70.8,19.0,46.7,33.3,50.7,0.9,0.1,1.0,1.2,-0.7,4.4
Kouaho David Anane,Orléans U21,19,13.3,4.4,1.8,0.4,1.1,0.8,58.2,0.0,57.1,57.6,58.8,0.4,0.2,0.8,1.8,1.8,4.4
Ismail Saati,Caen U21,18,17.9,3.3,4.3,1.1,1.9,2.4,32.5,0.0,30.7,60.0,32.5,0.9,0.3,1.9,2.6,-0.8,4.4
Valentin Delenclos,Champagne Basket U21,20,14.5,4.4,2.5,0.6,0.7,1.8,44.0,34.3,40.0,38.9,46.8,0.6,0.4,1.0,1.8,-3.4,4.3
Driss Didouh,Rouen U21,12,12.1,4.4,1.3,0.8,0.7,0.7,58.1,15.8,42.0,88.9,49.1,0.5,0.1,0.4,1.2,2.1,4.2
Yoaquim Charrier,Orléans U21,21,19.1,4.1,3.7,0.8,0.9,2.8,46.8,18.2,43.2,26.5,42.2,0.6,0.1,1.5,2.2,-2.6,4.2
Alexandre Yviquel,Challans U21,18,15.3,3.9,2.1,0.5,1.2,0.9,46.4,50.0,46.5,37.5,47.0,0.6,0.1,0.5,2.3,-4.1,4.2
Nicolas Delenclos,Champagne Basket U21,6,9.3,3.3,2.3,0.0,0.8,1.5,60.0,0.0,50.0,100.0,53.0,0.2,0.3,0.5,0.7,-5.8,4.2
Cedric Moreton,Roanne U21,19,17.4,3.1,1.6,1.4,1.0,0.6,38.5,25.0,36.7,76.5,43.7,1.1,0.2,1.0,1.7,-2.0,4.2
Evan Devarenne,Stade Rochelais U21,21,16.0,2.5,3.0,0.2,0.8,2.2,47.8,-,47.8,53.3,49.4,0.2,0.7,1.0,1.1,-4.6,4.2
Vincente Couet,Caen U21,22,15.0,3.2,2.5,0.6,1.0,1.5,58.3,11.5,38.7,69.0,47.5,0.8,0.1,1.0,1.9,-4.1,4.1
Billel Machemachi,Blois U21,9,7.6,2.8,2.6,0.2,1.2,1.3,55.0,-,55.0,37.5,53.1,0.2,0.4,0.7,1.9,3.8,4.0
Cheick Diabate,Roanne U21,10,7.6,2.2,1.6,0.4,0.2,1.4,37.5,50.0,40.0,66.7,48.6,1.0,0.4,0.2,1.2,-0.1,4.0
Calvin Hamelrijk,Denain U21,17,19.1,3.6,3.6,0.9,1.8,1.9,53.2,0.0,47.2,42.9,47.5,0.5,0.1,2.2,2.5,-3.8,3.9
Aurelien Pomier,Denain U21,19,13.5,3.3,3.7,0.6,1.1,2.6,40.9,-,40.9,37.5,41.1,0.6,0.1,1.5,2.2,-1.9,3.9
Noa Raballand,Quimper U21,13,12.9,5.6,1.0,1.7,0.6,0.4,45.9,40.7,43.8,40.0,51.7,0.4,0.0,1.6,1.1,0.1,3.6
Eliott Ronque,Aix-Maurienne U21,9,16.4,3.1,1.8,0.6,0.9,0.9,54.2,0.0,48.1,50.0,48.7,0.3,0.3,0.8,2.9,-7.4,3.6
Gregory Da Silva,Stade Rochelais U21,4,17.0,4.8,2.0,0.8,1.0,1.0,60.0,28.6,36.8,50.0,47.8,0.5,0.0,1.2,2.8,-8.0,3.5
Loris Duponq,Rouen U21,23,16.9,4.8,1.7,0.4,0.4,1.3,50.7,31.4,44.1,66.7,51.1,0.3,0.0,1.1,2.3,-2.5,3.5
Gregory Winling,AS Alsace U21,8,12.0,2.2,2.8,0.4,1.4,1.4,36.8,0.0,30.4,50.0,33.9,0.2,1.4,1.0,2.2,-3.1,3.5
Mathis Raffe,Caen U21,7,11.9,3.3,1.6,0.6,0.6,1.0,47.4,0.0,45.0,62.5,48.9,0.9,0.0,0.9,1.0,-0.9,3.4
Lény Cartier,JA Vichy U21,3,9.0,2.7,1.0,0.0,0.3,0.7,33.3,100.0,50.0,75.0,69.4,0.7,0.0,0.0,1.7,-9.7,3.3
Heaven Kabongo,Roanne U21,21,11.7,2.5,2.3,0.4,1.0,1.4,51.4,0.0,50.0,66.7,55.0,0.3,0.1,1.1,1.7,-3.2,3.3
Marceau Thomassin,Champagne Basket U21,21,15.6,4.1,2.3,1.7,0.8,1.5,47.9,19.1,33.7,61.9,41.3,0.5,0.0,2.1,1.0,-6.7,3.2
Maxime Lejal,Blois U21,4,6.5,2.0,0.8,1.0,0.2,0.5,-,66.7,66.7,100.0,103.1,0.2,0.0,0.5,1.0,-0.5,3.2
Lenny Leogane,Champagne Basket U21,22,23.3,6.1,1.7,2.8,0.3,1.4,33.3,23.9,30.4,62.3,39.1,1.0,0.2,3.2,1.8,-11.0,3.1
Nael Pehoua,Quimper U21,7,12.4,4.3,1.3,1.0,0.6,0.7,30.8,35.3,33.3,57.1,45.3,0.4,0.1,0.7,0.3,2.0,3.1
Djenaly Tchicamboud,Orléans U21,16,17.9,3.7,1.9,1.3,0.6,1.3,39.5,18.2,34.7,74.2,47.1,0.9,0.2,2.4,2.1,-2.9,3.1
Marc Wansilabo,Evreux U21,21,12.8,3.0,2.2,0.8,0.6,1.6,46.0,15.4,35.5,54.5,39.6,0.8,0.1,1.2,1.3,-1.7,3.1
Wayan Lessort,Poitiers U21,5,17.2,3.8,2.8,1.4,0.8,2.0,40.0,26.3,29.2,0.0,38.2,0.2,0.0,1.4,2.2,-0.2,3.0
Mathis Broudic,Quimper U21,7,12.0,3.7,0.6,1.3,0.1,0.4,20.0,53.8,44.4,100.0,67.3,0.4,0.0,1.6,1.0,-5.1,3.0
Alix Faivre-Perignon,AS Alsace U21,4,14.5,2.8,2.8,0.2,0.8,2.0,33.3,25.0,30.8,100.0,39.6,1.0,0.0,1.5,1.5,10.5,3.0
Keziah Decaen,Caen U21,22,17.6,2.3,1.4,1.4,0.4,1.0,36.4,18.2,30.3,70.0,36.2,1.0,0.0,0.9,1.2,-4.2,3.0
Elwan Dubois,Stade Rochelais U21,7,11.6,1.9,1.4,0.4,0.4,1.0,40.0,25.0,35.7,50.0,41.2,1.1,0.6,0.9,1.9,-3.4,3.0
Mathieu Mondesir,Evreux U21,1,7.0,0.0,2.0,1.0,0.0,2.0,-,-,-,-,-,0.0,0.0,0.0,3.0,-8.0,3.0
Axel Votte,Orléans U21,16,13.4,5.6,1.0,0.3,0.3,0.7,50.0,28.6,36.4,66.7,47.6,0.6,0.1,0.9,1.3,3.1,2.9
Genuis Kamga,Caen U21,18,12.1,2.1,2.4,0.5,0.8,1.6,34.1,100.0,35.7,66.7,40.3,0.5,0.5,1.4,2.1,-5.4,2.9
Sam Tomasini,Aix-Maurienne U21,4,9.8,1.8,2.8,0.0,0.8,2.0,25.0,100.0,33.3,-,38.9,0.8,0.2,1.2,1.2,-1.0,2.8
Quentin Gonda,Denain U21,11,15.9,5.4,1.9,1.7,0.5,1.4,50.0,22.0,32.3,50.0,40.9,0.5,0.0,2.1,2.5,-4.2,2.7
Killian Gardie,Caen U21,13,12.7,2.7,2.2,0.7,0.7,1.5,52.0,10.5,34.1,75.0,38.2,0.6,0.0,1.2,1.2,-6.4,2.7
Hanaiki Doom,Antibes U21,3,10.7,2.3,2.0,0.3,1.0,1.0,50.0,-,50.0,50.0,50.9,0.3,0.0,1.0,1.7,-7.7,2.7
Abdou Diop,Roanne U21,3,5.3,1.7,1.7,0.0,0.7,1.0,33.3,50.0,40.0,-,50.0,0.3,0.0,0.0,0.3,5.0,2.7
David Moresta,Denain U21,3,11.3,1.7,2.3,1.3,0.0,2.3,66.7,0.0,40.0,50.0,42.5,0.3,0.0,1.7,1.7,-2.7,2.7
Yoshua Mpaka,Poitiers U21,19,8.0,2.2,1.7,0.3,0.6,1.1,59.4,-,59.4,30.0,56.3,0.2,0.1,0.7,1.4,-1.1,2.6
Yanis Thiam,Nantes U21,18,16.4,4.8,1.9,0.9,0.5,1.4,26.8,30.0,28.4,60.0,36.8,0.3,0.3,1.1,1.0,0.1,2.5
Deyaan Moutouallaguin-Clain,Aix-Maurienne U21,22,13.0,3.2,1.9,0.3,0.5,1.5,40.9,30.0,36.5,72.7,45.0,0.1,0.1,0.9,1.1,-0.6,2.5
Benjamin Belami,Aix-Maurienne U21,21,9.5,2.4,0.8,1.0,0.2,0.6,44.1,20.0,38.6,83.3,49.1,0.5,0.0,1.0,1.6,0.3,2.5
Noé Diallo,Caen U21,4,14.0,1.5,1.2,2.2,0.5,0.8,42.9,0.0,37.5,-,37.5,0.0,0.0,1.2,2.0,-2.5,2.5
Adrien Roman-Charmois,Quimper U21,15,10.7,2.3,1.7,0.2,0.4,1.3,45.8,25.0,40.6,54.5,46.1,0.5,0.1,0.7,1.9,-2.4,2.4
Paolo Romain,Rouen U21,23,11.8,1.7,1.5,1.3,0.7,0.8,38.5,17.5,22.6,64.3,33.8,0.8,0.0,1.0,1.2,-3.3,2.4
Noah Georges,JA Vichy U21,3,13.3,4.3,1.7,0.7,0.3,1.3,40.0,15.4,22.2,75.0,32.9,1.0,0.0,0.3,3.7,7.3,2.3
Mattias Szanyiel,JA Vichy U21,21,10.4,3.1,1.5,0.7,0.4,1.1,46.4,25.6,33.8,60.0,43.1,0.4,0.0,1.1,1.1,-2.1,2.3
Julien Chery,Rouen U21,12,6.3,1.8,1.1,0.6,0.3,0.8,33.3,31.6,31.8,100.0,48.1,0.4,0.1,0.4,1.4,0.3,2.3
Marvynn Traore,Blois U21,8,7.4,3.0,0.5,0.4,0.1,0.4,81.8,14.3,55.6,42.9,56.9,0.2,0.1,0.5,1.0,0.8,2.2
Arthur Perret,Saint-Chamond U21,6,10.3,2.5,0.5,1.5,0.2,0.3,50.0,18.2,31.6,20.0,35.4,0.2,0.5,0.2,2.0,1.8,2.2
Elimane Sene,Nantes U21,6,7.0,1.8,1.0,0.3,0.0,1.0,60.0,33.3,50.0,100.0,61.9,0.3,0.0,0.7,0.7,-0.5,2.2
Alexis Imberdis,JA Vichy U21,17,11.0,1.3,1.6,0.7,0.8,0.8,46.7,15.4,32.1,40.0,36.4,0.3,0.2,0.6,1.6,-3.6,2.2
Tom Foulonneau,Denain U21,12,10.5,1.9,1.8,0.6,0.7,1.1,45.8,0.0,40.7,16.7,38.8,0.5,0.1,1.0,1.0,-3.1,2.1
Nils Kormann,Blois U21,2,9.0,4.0,0.0,0.0,0.0,0.0,100.0,33.3,60.0,50.0,68.0,0.0,0.0,0.5,0.5,10.0,2.0
Sacha Lellouche,Antibes U21,11,11.9,3.7,0.5,1.4,0.0,0.5,50.0,22.2,34.7,100.0,41.5,0.6,0.0,1.3,1.5,1.8,2.0
Theo Baudrand,Stade Rochelais U21,1,16.0,3.0,1.0,0.0,0.0,1.0,0.0,50.0,33.3,-,50.0,1.0,0.0,1.0,3.0,-7.0,2.0
Malik Sylla,Saint-Chamond U21,1,15.0,2.0,2.0,2.0,1.0,1.0,33.3,-,33.3,-,33.3,1.0,0.0,3.0,3.0,-6.0,2.0
Maxence Menuet,Stade Rochelais U21,2,9.5,2.0,2.0,0.0,1.0,1.0,100.0,0.0,66.7,-,66.7,0.0,0.0,1.5,1.5,-4.5,2.0
Simon Brunel,Caen U21,2,14.0,2.0,0.5,2.5,0.0,0.5,-,50.0,50.0,50.0,69.4,0.0,0.0,2.0,2.0,-8.5,2.0
Gangaly Diallo,Blois U21,1,8.0,0.0,3.0,1.0,1.0,2.0,0.0,0.0,0.0,-,0.0,0.0,0.0,0.0,0.0,0.0,2.0
Jad Hammoud,Champagne Basket U21,1,5.0,0.0,3.0,0.0,0.0,3.0,-,-,-,-,-,0.0,0.0,1.0,0.0,-10.0,2.0
Côme Berthelot,Quimper U21,8,15.6,2.9,4.0,0.1,1.2,2.8,24.0,50.0,25.9,53.3,34.2,0.4,0.2,2.4,2.1,-6.4,1.9
Ephraim Ballo Debat,Orléans U21,7,8.7,2.6,0.9,0.3,0.3,0.6,33.3,42.9,36.8,50.0,45.3,0.6,0.0,0.6,1.1,-0.7,1.9
Nathan Dalmasso,Antibes U21,6,10.0,3.0,1.0,0.0,0.5,0.5,37.5,50.0,43.8,-,56.2,0.2,0.0,0.8,0.8,0.3,1.8
Maxime Amvame,Antibes U21,4,8.0,0.8,1.5,0.2,1.0,0.5,14.3,-,14.3,100.0,20.2,0.8,0.2,0.2,1.2,-2.2,1.8
Timeo Merce-Guyot,Challans U21,21,17.1,4.6,1.0,1.7,0.4,0.6,32.4,24.5,28.9,48.1,36.1,0.9,0.0,1.7,1.5,-8.0,1.7
Dorian Hyacinthe Alarcon,JA Vichy U21,6,5.5,1.7,0.8,0.7,0.0,0.8,50.0,50.0,50.0,83.3,75.3,0.0,0.2,1.2,0.7,1.3,1.7
Loris Caparros,Saint-Chamond U21,10,10.3,1.2,1.4,1.1,0.2,1.2,25.0,11.1,19.0,100.0,26.9,0.5,0.0,0.8,1.6,-0.4,1.7
Eitel Nandjou,Pau-Lacq-Orthez U21,3,3.7,0.7,1.7,0.0,0.7,1.0,50.0,0.0,33.3,-,33.3,0.0,0.0,0.0,0.3,0.0,1.7
Keran Lolo,Aix-Maurienne U21,10,6.3,1.5,1.2,0.4,0.4,0.8,44.4,0.0,22.2,70.0,33.5,0.4,0.1,0.4,1.2,-0.8,1.5
Lou Tala Kamara,Denain U21,10,9.6,1.0,1.4,0.4,0.3,1.1,33.3,0.0,31.2,-,31.2,0.4,0.0,0.6,0.7,-1.0,1.5
Kaylann Balde,Challans U21,10,13.5,1.1,2.3,0.5,0.8,1.5,12.5,-,12.5,62.5,20.0,0.7,0.3,1.2,3.2,-10.0,1.3
Mahdi Von Hofmann,Nantes U21,10,7.2,1.1,0.8,0.5,0.0,0.8,60.0,33.3,50.0,50.0,56.4,0.2,0.0,0.7,0.5,-0.6,1.3
Prince-Junior Ouita,Caen U21,19,7.7,1.1,0.9,0.2,0.3,0.7,55.6,6.2,24.0,47.1,32.3,0.6,0.1,0.2,1.4,-1.8,1.3
Alpha Bah-Diallo,Aix-Maurienne U21,3,10.3,1.0,0.7,0.0,0.7,0.0,0.0,100.0,33.3,-,50.0,0.0,0.3,0.0,1.0,0.7,1.3
Ylann Lefresne,Stade Rochelais U21,5,14.0,1.6,2.2,0.8,0.6,1.6,66.7,0.0,28.6,50.0,38.0,0.4,0.0,2.0,1.8,-3.4,1.2
Elliot Bodenes,Quimper U21,20,13.7,2.4,1.2,0.9,0.3,1.0,26.7,18.2,20.0,64.3,30.9,0.6,0.0,0.9,1.7,-0.4,1.1
Tao Fenouillet,Hyères-Toulon U21,21,8.1,1.6,1.4,0.9,0.4,1.0,25.0,23.5,24.0,25.0,31.9,0.3,0.1,1.1,0.8,1.9,1.1
Soan Delsarte,Pau-Lacq-Orthez U21,10,5.9,1.4,0.7,0.2,0.4,0.3,50.0,26.7,29.4,-,41.2,0.1,0.0,0.1,0.7,0.1,1.1
Dwayne Da sylva,Stade Rochelais U21,2,7.0,2.0,0.5,0.0,0.0,0.5,66.7,-,66.7,-,66.7,0.0,0.0,1.0,3.0,3.0,1.0
Milann Heng-Souchet,Orléans U21,10,5.9,0.9,0.7,0.8,0.3,0.4,33.3,0.0,28.6,100.0,48.9,0.2,0.0,1.1,1.2,0.7,1.0
Oscar Ruel-Oudoire,Saint-Chamond U21,6,3.5,0.7,0.5,0.0,0.3,0.2,66.7,-,66.7,-,66.7,0.0,0.0,0.0,0.3,0.0,1.0
Axel Tchuimbou-Ouahou,Nantes U21,1,10.0,0.0,6.0,0.0,1.0,5.0,0.0,0.0,0.0,-,0.0,0.0,0.0,2.0,1.0,3.0,1.0
Frédéric Missamou,Roanne U21,2,1.0,0.0,0.5,0.5,0.0,0.5,-,-,-,-,-,0.0,0.0,0.0,0.0,2.0,1.0
Allen Niki Niki,Champagne Basket U21,9,12.4,4.9,1.9,0.4,0.6,1.3,57.1,14.8,33.3,44.4,39.3,0.9,0.1,2.7,1.2,-5.7,0.9
Antoine Matthiss,AS Alsace U21,8,11.0,1.9,0.8,0.6,0.4,0.4,12.5,25.0,20.8,100.0,30.7,0.2,0.1,0.5,1.8,-2.0,0.8
Stephane Bollecker,JA Vichy U21,3,4.7,2.0,0.0,0.3,0.0,0.0,0.0,-,0.0,75.0,54.3,0.0,0.0,0.3,1.3,-0.7,0.7
Baidy Diop,Champagne Basket U21,7,8.1,1.4,1.3,0.0,0.1,1.1,0.0,42.9,33.3,25.0,46.5,0.1,0.0,0.9,0.6,-3.4,0.7
Mattéo Perrin,Antibes U21,2,6.0,0.5,0.0,0.0,0.0,0.0,-,-,-,50.0,56.8,0.5,0.0,0.0,1.0,-4.0,0.5
Luca Jasnowski,Challans U21,2,2.0,0.0,0.0,0.5,0.0,0.0,-,-,-,-,-,0.0,0.0,0.0,0.5,0.0,0.5
Mathéo Balitalike,Denain U21,4,8.5,1.8,1.2,0.8,0.2,1.0,50.0,0.0,42.9,25.0,40.0,0.2,0.0,2.0,2.2,-9.2,0.2
Noah Metivier,Evreux U21,2,16.0,6.0,0.5,1.0,0.0,0.5,36.4,0.0,30.8,44.4,35.4,1.0,0.5,2.0,1.5,-4.0,0.0
Evan Bourgeois,JA Vichy U21,3,7.3,1.7,0.0,1.0,0.0,0.0,33.3,20.0,25.0,0.0,28.2,0.7,0.0,0.7,0.3,-7.3,0.0
Kaab Ahrouille,Rouen U21,8,3.9,0.2,0.4,0.0,0.2,0.1,20.0,-,20.0,-,20.0,0.0,0.0,0.1,0.8,-3.6,0.0
Mathieu Floret,Quimper U21,1,6.0,0.0,2.0,1.0,1.0,1.0,0.0,0.0,0.0,-,0.0,1.0,0.0,2.0,2.0,1.0,0.0
Thibault Gomis,Rouen U21,4,2.8,0.0,0.5,0.0,0.2,0.2,0.0,-,0.0,-,0.0,0.0,0.0,0.2,0.8,-1.2,0.0
Darell Saha,Blois U21,4,6.8,0.5,0.8,0.2,0.2,0.5,0.0,0.0,0.0,50.0,17.4,0.0,0.0,0.2,1.0,-7.2,-0.2
Yanis Boutry,Challans U21,4,5.5,0.0,0.5,0.0,0.2,0.2,-,0.0,0.0,-,0.0,0.2,0.0,0.2,0.5,-5.2,-0.2
Mohamed Addoui,Hyères-Toulon U21,3,1.7,0.0,0.0,0.0,0.0,0.0,-,-,-,-,-,0.0,0.0,0.3,0.3,1.7,-0.3
Jaden Lavie Mienandy Cardona,Pau-Lacq-Orthez U21,2,2.0,0.0,0.0,0.0,0.0,0.0,-,0.0,0.0,-,0.0,0.0,0.0,0.0,0.0,-3.5,-0.5
Axel Perrot,Poitiers U21,6,9.5,1.8,0.3,0.7,0.0,0.3,40.0,9.1,23.8,-,26.2,0.2,0.0,1.0,1.2,-7.2,-0.7
Malik Bole,Aix-Maurienne U21,8,8.9,0.5,0.4,0.9,0.0,0.4,22.2,0.0,18.2,-,18.2,0.2,0.0,1.6,1.0,-3.6,-0.8
Kéziah Bakoula-Rivière,Antibes U21,2,12.5,0.5,1.5,0.5,0.5,1.0,0.0,0.0,0.0,50.0,7.3,0.5,0.0,0.5,2.5,-5.5,-1.0
Amadou Diouf,Caen U21,1,6.0,0.0,1.0,0.0,1.0,0.0,-,-,-,-,-,0.0,0.0,2.0,1.0,-4.0,-1.0
Sinaly Fofana,Rouen U21,1,2.0,0.0,0.0,0.0,0.0,0.0,-,-,-,-,-,0.0,0.0,1.0,1.0,-2.0,-1.0
Wassim Khammar,Antibes U21,1,7.0,0.0,0.0,0.0,0.0,0.0,-,-,-,-,-,0.0,0.0,1.0,1.0,1.0,-1.0
Marius Delaire,JA Vichy U21,2,3.5,0.0,0.5,0.0,0.0,0.5,-,0.0,0.0,0.0,0.0,0.0,0.0,0.5,0.5,-7.0,-1.5
Lilian Pizzini,Saint-Chamond U21,6,4.8,0.3,0.2,0.2,0.0,0.2,0.0,0.0,0.0,50.0,10.2,0.2,0.0,0.8,0.3,-1.5,-1.7
Zackary Kane,Pau-Lacq-Orthez U21,1,7.0,2.0,0.0,0.0,0.0,0.0,33.3,-,33.3,0.0,25.8,0.0,0.0,0.0,1.0,-1.0,-2.0
Yvel Nguewo,AS Alsace U21,1,2.0,0.0,0.0,0.0,0.0,0.0,-,-,-,0.0,0.0,0.0,0.0,1.0,1.0,-5.0,-3.0
Ethan N'siete Loupe,Blois U21,1,6.0,0.0,0.0,0.0,0.0,0.0,0.0,0.0,0.0,-,0.0,0.0,0.0,2.0,1.0,-4.0,-4.0
